{
  "fontFamilies": {
    "source-sans-pro": {
      "value": "Source Sans Pro",
      "type": "fontFamilies"
    }
  },
  "lineHeights": {
    "0": {
      "value": "115%",
      "type": "lineHeights"
    },
    "1": {
      "value": "120%",
      "type": "lineHeights"
    },
    "2": {
      "value": "125%",
      "type": "lineHeights"
    },
    "3": {
      "value": "130%",
      "type": "lineHeights"
    },
    "4": {
      "value": "140%",
      "type": "lineHeights"
    },
    "5": {
      "value": "150%",
      "type": "lineHeights"
    },
    "6": {
      "value": "110%",
      "type": "lineHeights"
    }
  },
  "letterSpacing": {
    "0": {
      "value": "0%",
      "type": "letterSpacing"
    },
    "1": {
      "value": "5%",
      "type": "letterSpacing"
    }
  },
  "paragraphSpacing": {
    "0": {
      "value": "0",
      "type": "paragraphSpacing"
    },
    "1": {
      "value": "16",
      "type": "paragraphSpacing"
    },
    "2": {
      "value": "24",
      "type": "paragraphSpacing"
    },
    "3": {
      "value": "32",
      "type": "paragraphSpacing"
    },
    "4": {
      "value": "40",
      "type": "paragraphSpacing"
    }
  },
  "textCase": {
    "capitalize": {
      "value": "capitalize",
      "type": "textCase"
    },
    "none": {
      "value": "none",
      "type": "textCase"
    },
    "uppercase": {
      "value": "uppercase",
      "type": "textCase"
    }
  },
  "textDecoration": {
    "none": {
      "value": "none",
      "type": "textDecoration"
    },
    "underline": {
      "value": "underline",
      "type": "textDecoration"
    }
  },
  "paragraphIndent": {
    "0": {
      "value": "0px",
      "type": "dimension"
    }
  },
  "spacing": {
    "xx-small": {
      "value": "0.25rem",
      "type": "spacing"
    },
    "x-small": {
      "value": "0.5rem",
      "type": "spacing"
    },
    "small": {
      "value": "0.75rem",
      "type": "spacing"
    },
    "medium": {
      "value": "1rem",
      "type": "spacing"
    },
    "large": {
      "value": "1.5rem",
      "type": "spacing"
    },
    "x-large": {
      "value": "2rem",
      "type": "spacing"
    },
    "2x-large": {
      "value": "2.5rem",
      "type": "spacing"
    },
    "3x-large": {
      "value": "4rem",
      "type": "spacing"
    },
    "4x-large": {
      "value": "5rem",
      "type": "spacing"
    },
    "5x-large": {
      "value": "10rem",
      "type": "spacing"
    }
  },
  "spacing-grid": {
    "margin": {
      "value": "4rem",
      "type": "spacing"
    },
    "gap": {
      "value": "5rem",
      "type": "spacing"
    },
    "gutter": {
      "value": "3.5rem",
      "type": "spacing"
    }
  },
  "button-primary-default": {
    "value": {
      "fill": "{Interactive.Primary.Background.defualt}",
      "typography": "{Label.medium}",
      "fontFamilies": "{fontFamilies.source-sans-pro}",
      "fontWeights": "{fontWeight.semibold}"
    },
    "type": "composition"
  },
  "fontSize": {
    "0": {
      "value": "14",
      "type": "fontSizes"
    },
    "1": {
      "value": "16",
      "type": "fontSizes"
    },
    "2": {
      "value": "18",
      "type": "fontSizes"
    },
    "3": {
      "value": "20",
      "type": "fontSizes"
    },
    "4": {
      "value": "24",
      "type": "fontSizes"
    },
    "5": {
      "value": "32",
      "type": "fontSizes"
    },
    "6": {
      "value": "40",
      "type": "fontSizes"
    },
    "7": {
      "value": "48",
      "type": "fontSizes"
    },
    "8": {
      "value": "64",
      "type": "fontSizes"
    },
    "3xsmall": {
      "value": "0.875rem",
      "type": "fontSizes"
    },
    "2xsmall": {
      "value": "1rem",
      "type": "fontSizes"
    },
    "xsmall": {
      "value": "1.125rem",
      "type": "fontSizes"
    },
    "small": {
      "value": "1.25rem",
      "type": "fontSizes"
    },
    "medium": {
      "value": "1.5rem",
      "type": "fontSizes"
    },
    "large": {
      "value": "2rem",
      "type": "fontSizes"
    },
    "xlarge": {
      "value": "2.5rem",
      "type": "fontSizes"
    },
    "2xlarge": {
      "value": "3rem",
      "type": "fontSizes"
    },
    "3xlarge": {
      "value": "4rem",
      "type": "fontSizes"
    }
  },
  "fontWeight": {
    "regular": {
      "value": "Regular",
      "type": "fontWeights"
    },
    "semibold": {
      "value": "SemiBold",
      "type": "fontWeights"
    }
  },
  "fontWeights": {
    "source-sans-pro-0": {
      "value": "SemiBold",
      "type": "fontWeights"
    },
    "source-sans-pro-1": {
      "value": "Regular",
      "type": "fontWeights"
    }
  },
  "Header": {
    "2x-large": {
      "value": {
        "fontFamily": "{fontFamilies.source-sans-pro}",
        "fontWeight": "{fontWeights.source-sans-pro-0}",
        "lineHeight": "{lineHeights.0}",
        "fontSize": "{fontSize.8}",
        "letterSpacing": "{letterSpacing.0}",
        "paragraphSpacing": "{paragraphSpacing.4}",
        "paragraphIndent": "{paragraphIndent.0}",
        "textCase": "{textCase.none}",
        "textDecoration": "{textDecoration.none}"
      },
      "type": "typography"
    },
    "x-large": {
      "value": {
        "fontFamily": "{fontFamilies.source-sans-pro}",
        "fontWeight": "{fontWeights.source-sans-pro-0}",
        "lineHeight": "{lineHeights.0}",
        "fontSize": "{fontSize.7}",
        "letterSpacing": "{letterSpacing.0}",
        "paragraphSpacing": "{paragraphSpacing.4}",
        "paragraphIndent": "{paragraphIndent.0}",
        "textCase": "{textCase.none}",
        "textDecoration": "{textDecoration.none}"
      },
      "type": "typography"
    },
    "large (default)": {
      "value": {
        "fontFamily": "{fontFamilies.source-sans-pro}",
        "fontWeight": "{fontWeights.source-sans-pro-0}",
        "lineHeight": "{lineHeights.1}",
        "fontSize": "{fontSize.6}",
        "letterSpacing": "{letterSpacing.0}",
        "paragraphSpacing": "{paragraphSpacing.3}",
        "paragraphIndent": "{paragraphIndent.0}",
        "textCase": "{textCase.none}",
        "textDecoration": "{textDecoration.none}"
      },
      "type": "typography"
    },
    "medium": {
      "value": {
        "fontFamily": "{fontFamilies.source-sans-pro}",
        "fontWeight": "{fontWeights.source-sans-pro-0}",
        "lineHeight": "{lineHeights.2}",
        "fontSize": "{fontSize.5}",
        "letterSpacing": "{letterSpacing.0}",
        "paragraphSpacing": "{paragraphSpacing.2}",
        "paragraphIndent": "{paragraphIndent.0}",
        "textCase": "{textCase.none}",
        "textDecoration": "{textDecoration.none}"
      },
      "type": "typography"
    },
    "small": {
      "value": {
        "fontFamily": "{fontFamilies.source-sans-pro}",
        "fontWeight": "{fontWeights.source-sans-pro-0}",
        "lineHeight": "{lineHeights.3}",
        "fontSize": "{fontSize.4}",
        "letterSpacing": "{letterSpacing.0}",
        "paragraphSpacing": "{paragraphSpacing.2}",
        "paragraphIndent": "{paragraphIndent.0}",
        "textCase": "{textCase.none}",
        "textDecoration": "{textDecoration.none}"
      },
      "type": "typography"
    },
    "x-small": {
      "value": {
        "fontFamily": "{fontFamilies.source-sans-pro}",
        "fontWeight": "{fontWeights.source-sans-pro-0}",
        "lineHeight": "{lineHeights.4}",
        "fontSize": "{fontSize.3}",
        "letterSpacing": "{letterSpacing.0}",
        "paragraphSpacing": "{paragraphSpacing.1}",
        "paragraphIndent": "{paragraphIndent.0}",
        "textCase": "{textCase.none}",
        "textDecoration": "{textDecoration.none}"
      },
      "type": "typography"
    }
  },
  "Subheading": {
    "x-large": {
      "value": {
        "fontFamily": "{fontFamilies.source-sans-pro}",
        "fontWeight": "{fontWeights.source-sans-pro-1}",
        "lineHeight": "{lineHeights.0}",
        "fontSize": "{fontSize.8}",
        "letterSpacing": "{letterSpacing.0}",
        "paragraphSpacing": "{paragraphSpacing.4}",
        "paragraphIndent": "{paragraphIndent.0}",
        "textCase": "{textCase.none}",
        "textDecoration": "{textDecoration.none}"
      },
      "type": "typography"
    },
    "large": {
      "value": {
        "fontFamily": "{fontFamilies.source-sans-pro}",
        "fontWeight": "{fontWeights.source-sans-pro-1}",
        "lineHeight": "{lineHeights.0}",
        "fontSize": "{fontSize.7}",
        "letterSpacing": "{letterSpacing.0}",
        "paragraphSpacing": "{paragraphSpacing.4}",
        "paragraphIndent": "{paragraphIndent.0}",
        "textCase": "{textCase.none}",
        "textDecoration": "{textDecoration.none}"
      },
      "type": "typography"
    },
    "medium (default)": {
      "value": {
        "fontFamily": "{fontFamilies.source-sans-pro}",
        "fontWeight": "{fontWeights.source-sans-pro-1}",
        "lineHeight": "{lineHeights.1}",
        "fontSize": "{fontSize.6}",
        "letterSpacing": "{letterSpacing.0}",
        "paragraphSpacing": "{paragraphSpacing.3}",
        "paragraphIndent": "{paragraphIndent.0}",
        "textCase": "{textCase.none}",
        "textDecoration": "{textDecoration.none}"
      },
      "type": "typography"
    },
    "small": {
      "value": {
        "fontFamily": "{fontFamilies.source-sans-pro}",
        "fontWeight": "{fontWeights.source-sans-pro-1}",
        "lineHeight": "{lineHeights.2}",
        "fontSize": "{fontSize.5}",
        "letterSpacing": "{letterSpacing.0}",
        "paragraphSpacing": "{paragraphSpacing.2}",
        "paragraphIndent": "{paragraphIndent.0}",
        "textCase": "{textCase.none}",
        "textDecoration": "{textDecoration.none}"
      },
      "type": "typography"
    }
  },
  "Ingress": {
    "large-regular (default)": {
      "value": {
        "fontFamily": "{fontFamilies.source-sans-pro}",
        "fontWeight": "{fontWeights.source-sans-pro-1}",
        "lineHeight": "{lineHeights.4}",
        "fontSize": "{fontSize.4}",
        "letterSpacing": "{letterSpacing.0}",
        "paragraphSpacing": "{paragraphSpacing.4}",
        "paragraphIndent": "{paragraphIndent.0}",
        "textCase": "{textCase.none}",
        "textDecoration": "{textDecoration.none}"
      },
      "type": "typography"
    },
    "large-semibold": {
      "value": {
        "fontFamily": "{fontFamilies.source-sans-pro}",
        "fontWeight": "{fontWeights.source-sans-pro-0}",
        "lineHeight": "{lineHeights.4}",
        "fontSize": "{fontSize.4}",
        "letterSpacing": "{letterSpacing.0}",
        "paragraphSpacing": "{paragraphSpacing.4}",
        "paragraphIndent": "{paragraphIndent.0}",
        "textCase": "{textCase.none}",
        "textDecoration": "{textDecoration.none}"
      },
      "type": "typography"
    },
    "small-regular": {
      "value": {
        "fontFamily": "{fontFamilies.source-sans-pro}",
        "fontWeight": "{fontWeights.source-sans-pro-1}",
        "lineHeight": "{lineHeights.5}",
        "fontSize": "{fontSize.3}",
        "letterSpacing": "{letterSpacing.0}",
        "paragraphSpacing": "{paragraphSpacing.4}",
        "paragraphIndent": "{paragraphIndent.0}",
        "textCase": "{textCase.none}",
        "textDecoration": "{textDecoration.none}"
      },
      "type": "typography"
    },
    "small-semibold": {
      "value": {
        "fontFamily": "{fontFamilies.source-sans-pro}",
        "fontWeight": "{fontWeights.source-sans-pro-0}",
        "lineHeight": "{lineHeights.5}",
        "fontSize": "{fontSize.3}",
        "letterSpacing": "{letterSpacing.0}",
        "paragraphSpacing": "{paragraphSpacing.4}",
        "paragraphIndent": "{paragraphIndent.0}",
        "textCase": "{textCase.none}",
        "textDecoration": "{textDecoration.none}"
      },
      "type": "typography"
    }
  },
  "Body": {
    "large": {
      "value": {
        "fontFamily": "{fontFamilies.source-sans-pro}",
        "fontWeight": "{fontWeights.source-sans-pro-1}",
        "lineHeight": "{lineHeights.5}",
        "fontSize": "{fontSize.3}",
        "letterSpacing": "{letterSpacing.0}",
        "paragraphSpacing": "{paragraphSpacing.3}",
        "paragraphIndent": "{paragraphIndent.0}",
        "textCase": "{textCase.none}",
        "textDecoration": "{textDecoration.none}"
      },
      "type": "typography"
    },
    "large-underline": {
      "value": {
        "fontFamily": "{fontFamilies.source-sans-pro}",
        "fontWeight": "{fontWeights.source-sans-pro-1}",
        "lineHeight": "{lineHeights.5}",
        "fontSize": "{fontSize.3}",
        "letterSpacing": "{letterSpacing.0}",
        "paragraphSpacing": "{paragraphSpacing.3}",
        "paragraphIndent": "{paragraphIndent.0}",
        "textCase": "{textCase.none}",
        "textDecoration": "{textDecoration.underline}"
      },
      "type": "typography"
    },
    "medium (default)": {
      "value": {
        "fontFamily": "{fontFamilies.source-sans-pro}",
        "fontWeight": "{fontWeights.source-sans-pro-1}",
        "lineHeight": "{lineHeights.5}",
        "fontSize": "{fontSize.2}",
        "letterSpacing": "{letterSpacing.0}",
        "paragraphSpacing": "{paragraphSpacing.3}",
        "paragraphIndent": "{paragraphIndent.0}",
        "textCase": "{textCase.none}",
        "textDecoration": "{textDecoration.none}"
      },
      "type": "typography"
    },
    "medium-underline": {
      "value": {
        "fontFamily": "{fontFamilies.source-sans-pro}",
        "fontWeight": "{fontWeights.source-sans-pro-1}",
        "lineHeight": "{lineHeights.5}",
        "fontSize": "{fontSize.2}",
        "letterSpacing": "{letterSpacing.0}",
        "paragraphSpacing": "{paragraphSpacing.3}",
        "paragraphIndent": "{paragraphIndent.0}",
        "textCase": "{textCase.none}",
        "textDecoration": "{textDecoration.underline}"
      },
      "type": "typography"
    },
    "small": {
      "value": {
        "fontFamily": "{fontFamilies.source-sans-pro}",
        "fontWeight": "{fontWeights.source-sans-pro-1}",
        "lineHeight": "{lineHeights.5}",
        "fontSize": "{fontSize.1}",
        "letterSpacing": "{letterSpacing.0}",
        "paragraphSpacing": "{paragraphSpacing.2}",
        "paragraphIndent": "{paragraphIndent.0}",
        "textCase": "{textCase.none}",
        "textDecoration": "{textDecoration.none}"
      },
      "type": "typography"
    },
    "small-underline": {
      "value": {
        "fontFamily": "{fontFamilies.source-sans-pro}",
        "fontWeight": "{fontWeights.source-sans-pro-1}",
        "lineHeight": "{lineHeights.5}",
        "fontSize": "{fontSize.1}",
        "letterSpacing": "{letterSpacing.0}",
        "paragraphSpacing": "{paragraphSpacing.2}",
        "paragraphIndent": "{paragraphIndent.0}",
        "textCase": "{textCase.none}",
        "textDecoration": "{textDecoration.underline}"
      },
      "type": "typography"
    },
    "xsmall": {
      "value": {
        "fontFamily": "{fontFamilies.source-sans-pro}",
        "fontWeight": "{fontWeights.source-sans-pro-1}",
        "lineHeight": "{lineHeights.5}",
        "fontSize": "{fontSize.0}",
        "letterSpacing": "{letterSpacing.0}",
        "paragraphSpacing": "{paragraphSpacing.2}",
        "paragraphIndent": "{paragraphIndent.0}",
        "textCase": "{textCase.none}",
        "textDecoration": "{textDecoration.none}"
      },
      "type": "typography"
    },
    "xsmall-underline": {
      "value": {
        "fontFamily": "{fontFamilies.source-sans-pro}",
        "fontWeight": "{fontWeights.source-sans-pro-1}",
        "lineHeight": "{lineHeights.5}",
        "fontSize": "{fontSize.0}",
        "letterSpacing": "{letterSpacing.0}",
        "paragraphSpacing": "{paragraphSpacing.2}",
        "paragraphIndent": "{paragraphIndent.0}",
        "textCase": "{textCase.none}",
        "textDecoration": "{textDecoration.underline}"
      },
      "type": "typography"
    }
  },
  "Detailtext": {
    "caption": {
      "value": {
        "fontFamily": "{fontFamilies.source-sans-pro}",
        "fontWeight": "{fontWeights.source-sans-pro-1}",
        "lineHeight": "{lineHeights.5}",
        "fontSize": "{fontSize.0}",
        "letterSpacing": "{letterSpacing.0}",
        "paragraphSpacing": "{paragraphSpacing.2}",
        "paragraphIndent": "{paragraphIndent.0}",
        "textCase": "{textCase.none}",
        "textDecoration": "{textDecoration.none}"
      },
      "type": "typography"
    },
    "caps-large": {
      "value": {
        "fontFamily": "{fontFamilies.source-sans-pro}",
        "fontWeight": "{fontWeights.source-sans-pro-0}",
        "lineHeight": "{lineHeights.5}",
        "fontSize": "{fontSize.3}",
        "letterSpacing": "{letterSpacing.1}",
        "paragraphSpacing": "{paragraphSpacing.0}",
        "paragraphIndent": "{paragraphIndent.0}",
        "textCase": "{textCase.uppercase}",
        "textDecoration": "{textDecoration.none}"
      },
      "type": "typography"
    },
    "caps-small": {
      "value": {
        "fontFamily": "{fontFamilies.source-sans-pro}",
        "fontWeight": "{fontWeights.source-sans-pro-0}",
        "lineHeight": "{lineHeights.5}",
        "fontSize": "{fontSize.1}",
        "letterSpacing": "{letterSpacing.1}",
        "paragraphSpacing": "{paragraphSpacing.0}",
        "paragraphIndent": "{paragraphIndent.0}",
        "textCase": "{textCase.uppercase}",
        "textDecoration": "{textDecoration.none}"
      },
      "type": "typography"
    }
  },
  "Label": {
    "large": {
      "value": {
        "fontFamily": "{fontFamilies.source-sans-pro}",
        "fontWeight": "{fontWeights.source-sans-pro-0}",
        "lineHeight": "{lineHeights.6}",
        "fontSize": "{fontSize.3}",
        "letterSpacing": "{letterSpacing.0}",
        "paragraphSpacing": "{paragraphSpacing.0}",
        "paragraphIndent": "{paragraphIndent.0}",
        "textCase": "{textCase.none}",
        "textDecoration": "{textDecoration.none}"
      },
      "type": "typography"
    },
    "large-light": {
      "value": {
        "fontFamily": "{fontFamilies.source-sans-pro}",
        "fontWeight": "{fontWeights.source-sans-pro-1}",
        "lineHeight": "{lineHeights.6}",
        "fontSize": "{fontSize.3}",
        "letterSpacing": "{letterSpacing.0}",
        "paragraphSpacing": "{paragraphSpacing.0}",
        "paragraphIndent": "{paragraphIndent.0}",
        "textCase": "{textCase.none}",
        "textDecoration": "{textDecoration.none}"
      },
      "type": "typography"
    },
    "medium": {
      "value": {
        "fontFamily": "{fontFamilies.source-sans-pro}",
        "fontWeight": "{fontWeights.source-sans-pro-0}",
        "lineHeight": "{lineHeights.6}",
        "fontSize": "{fontSize.2}",
        "letterSpacing": "{letterSpacing.0}",
        "paragraphSpacing": "{paragraphSpacing.0}",
        "paragraphIndent": "{paragraphIndent.0}",
        "textCase": "{textCase.none}",
        "textDecoration": "{textDecoration.none}"
      },
      "type": "typography"
    },
    "medium-light": {
      "value": {
        "fontFamily": "{fontFamilies.source-sans-pro}",
        "fontWeight": "{fontWeights.source-sans-pro-1}",
        "lineHeight": "{lineHeights.6}",
        "fontSize": "{fontSize.2}",
        "letterSpacing": "{letterSpacing.0}",
        "paragraphSpacing": "{paragraphSpacing.0}",
        "paragraphIndent": "{paragraphIndent.0}",
        "textCase": "{textCase.none}",
        "textDecoration": "{textDecoration.none}"
      },
      "type": "typography"
    },
    "small": {
      "value": {
        "fontFamily": "{fontFamilies.source-sans-pro}",
        "fontWeight": "{fontWeights.source-sans-pro-0}",
        "lineHeight": "{lineHeights.6}",
        "fontSize": "{fontSize.1}",
        "letterSpacing": "{letterSpacing.0}",
        "paragraphSpacing": "{paragraphSpacing.0}",
        "paragraphIndent": "{paragraphIndent.0}",
        "textCase": "{textCase.none}",
        "textDecoration": "{textDecoration.none}"
      },
      "type": "typography"
    },
    "small-light": {
      "value": {
        "fontFamily": "{fontFamilies.source-sans-pro}",
        "fontWeight": "{fontWeights.source-sans-pro-1}",
        "lineHeight": "{lineHeights.6}",
        "fontSize": "{fontSize.1}",
        "letterSpacing": "{letterSpacing.0}",
        "paragraphSpacing": "{paragraphSpacing.0}",
        "paragraphIndent": "{paragraphIndent.0}",
        "textCase": "{textCase.none}",
        "textDecoration": "{textDecoration.none}"
      },
      "type": "typography"
    },
    "x-small": {
      "value": {
        "fontFamily": "{fontFamilies.source-sans-pro}",
        "fontWeight": "{fontWeights.source-sans-pro-0}",
        "lineHeight": "{lineHeights.6}",
        "fontSize": "{fontSize.0}",
        "letterSpacing": "{letterSpacing.0}",
        "paragraphSpacing": "{paragraphSpacing.0}",
        "paragraphIndent": "{paragraphIndent.0}",
        "textCase": "{textCase.none}",
        "textDecoration": "{textDecoration.none}"
      },
      "type": "typography"
    },
    "x-small-light": {
      "value": {
        "fontFamily": "{fontFamilies.source-sans-pro}",
        "fontWeight": "{fontWeights.source-sans-pro-1}",
        "lineHeight": "{lineHeights.6}",
        "fontSize": "{fontSize.0}",
        "letterSpacing": "{letterSpacing.0}",
        "paragraphSpacing": "{paragraphSpacing.0}",
        "paragraphIndent": "{paragraphIndent.0}",
        "textCase": "{textCase.none}",
        "textDecoration": "{textDecoration.none}"
      },
      "type": "typography"
    }
  },
  "Sizing": {
    "xx-small": {
      "value": "0.5rem",
      "type": "sizing"
    },
    "x-small": {
      "value": "1rem",
      "type": "sizing"
    },
    "small": {
      "value": "1.5rem",
      "type": "sizing"
    },
    "medium": {
      "value": "2.5rem",
      "type": "sizing"
    },
    "large": {
      "value": "3.5rem",
      "type": "sizing"
    },
    "x-large": {
      "value": "4rem",
      "type": "sizing"
    }
  },
  "borderRadius": {
    "none": {
      "value": "0px",
      "type": "borderRadius"
    },
    "small": {
      "value": "4px",
      "type": "borderRadius"
    },
    "large": {
      "value": "6px",
      "type": "borderRadius"
    }
  },
  "borderWidth": {
    "none": {
      "value": "0px",
      "type": "borderWidth"
    },
    "default": {
      "value": "1px",
      "type": "borderWidth"
    },
    "strong": {
      "value": "2px",
      "type": "borderWidth"
    }
  },
  "none": {
    "value": {
      "x": "0",
      "y": "0",
      "blur": "0",
      "spread": "0",
      "color": "rgba(0,0,0,0)",
      "type": "dropShadow"
    },
    "type": "boxShadow"
  },
  "soft": {
    "value": {
      "x": "0",
      "y": "2",
      "blur": "8",
      "spread": "0",
      "color": "rgba(96,101,108,0.15)",
      "type": "dropShadow"
    },
    "type": "boxShadow"
  },
  "hard": {
    "value": {
      "x": "0",
      "y": "2",
      "blur": "10",
      "spread": "0",
      "color": "rgba(96,101,108,0.30)",
      "type": "dropShadow"
    },
    "type": "boxShadow"
  },
  "secondary-button-default": {
    "value": {
      "fill": "{Interactive.Secondary.Background.default}",
      "borderRadius": "{borderRadius.medium}",
      "horizontalPadding": "12px",
      "height": "{Sizing.x-large}",
      "itemSpacing": "48px",
      "typography": "{Label.medium}"
    },
    "type": "composition"
  }
}