[
  {
    "id": "35c01074c319e8327d6252e28b8c9b9abdec8466",
    "name": "NVE Light",
    "$figmaStyleReferences": {},
    "selectedTokenSets": {
      "private": "source",
      "public/device/base": "enabled",
      "Theme/nve_light": "enabled"
    },
    "$figmaCollectionId": "VariableCollectionId:635:17808",
    "$figmaModeId": "635:0",
    "$figmaVariableReferences": {
      "Brand.Primary": "8f78bd8c4916ec2b9324eb0709e0aa25e748a9b9",
      "Brand.Light": "b2fdeb5e20b5c0a42dea0f2ecd3926b7cf83dc81",
      "Brand.Deep": "8536251725b00b0acd808375b2b46c7ea1a804dc",
      "Neutrals.Background.Primary": "a65775c60ddb4e431fbf87e189c61e8d55ac6553",
      "Neutrals.Background.Secondary": "f14af651d77fbb3d6e31a55c90a0c80da5a2d105",
      "Neutrals.Foreground.Primary": "69c4ce7dcb47690e29a3415561fbf27b0bd8dd8c",
      "Neutrals.Foreground.Mute": "8dc66dd3eea320a79ac630c783d6aefcee20917b",
      "Neutrals.Foreground.Subtle": "499d5fb10a82c4c63ab43e0acce427c1d76d07c9",
      "Neutrals.Border.Default": "b3be28cf8292856e77f4a9caf544a6a5a491bf0b",
      "Neutrals.Border.Mute": "db7ab2fb6dd5d68b6b77aabe74e411ef7e54f4b3",
      "Neutrals.Border.Subtle": "da69aceb58d5c1503cdce1ef130dff759c865f58",
      "Neutrals.Border.Disabled": "6c60f8dc1824537bb8d93f6834871c76df82db00",
      "Interactive.Primary.Background.Default": "2fcf96f09bb53469140bf4ba629c8fbcd85c3859",
      "Interactive.Primary.Background.Hover": "16270a2ef424432f71cc5f1c54100fa071ef6b4a",
      "Interactive.Primary.Background.Disabled": "6818317506ebd72e0af8a1cd21f605d215640acb",
      "Interactive.Primary.Foreground.Default": "557a8b065a62d4cfe85f9e91e4747d07ddbab8fc",
      "Interactive.Primary.Foreground.Hover": "bf07eb23f5763f680fe626d351174caf3319bccd",
      "Interactive.Primary.Foreground.Disabled": "0d145b4f82e57dc1815e3b0be247c53bc4041e06",
      "Interactive.Primary.Foreground.Border.Focus": "c559aec80e13fca0e50f6d9af8c3b463668652ce",
      "Interactive.Secondary.Background.Default": "2a91ca72449c4eccfae590d0a10bad29bf2a0094",
      "Interactive.Secondary.Background.Hover": "08e7bda1ddcc3159f6ada868f3c4da6f04fdc2de",
      "Interactive.Secondary.Background.Disabled": "ecf4cc2a7ebc4f9d7850ed61f604e63724925d86",
      "Interactive.Secondary.Foreground.Default": "8cea5b9c4e483d32dd4957bc261e804b61c64573",
      "Interactive.Secondary.Foreground.Hover": "290fe2b683084efa3092e034eb481056f05eecb4",
      "Interactive.Secondary.Foreground.Disabled": "7980fc75d52c5819840a7e886109149590bd525b",
      "Interactive.Secondary.Border.Focus": "17d89b9ee4598e17ca36505a7ffd5c7d5c69d43d",
      "Interactive.Outlined.Foreground.Default": "efe2a7999d9ab447d834068f25c0cd599d76ae8d",
      "Interactive.Outlined.Foreground.Hover": "3432bef22b03048aaa633edba9f304e995f45587",
      "Interactive.Outlined.Foreground.Disabled": "cae7eae93c80fc808136038edf51a2f12e0c19f9",
      "Interactive.Outlined.Border.Default": "21241b95a870135e921a90ad343e2b3a097cea9d",
      "Interactive.Outlined.Border.Hover": "39f204b2ecaf9f2a08f6a0f6153f529f31216bf2",
      "Interactive.Outlined.Border.Focus": "385452b523b6baa5935058bc0f99294d2d28b630",
      "Interactive.Outlined.Border.Disabled": "eb8683535ad793ab023cf87f5383764136fc6d6c",
      "Interactive.Ghost.Background.Hover": "cd40f86bd6d43e0934f87c2a7ff17fba4d1d48f1",
      "Interactive.Ghost.Foreground.Default": "477d9fd052b049a549a6694bb484b64b71c683b6",
      "Interactive.Ghost.Foreground.Hover": "f4351010a5df845a4644a94eda5f7a74070eb43f",
      "Interactive.Ghost.Foreground.Disabled": "e246e47399020549fd6aebaec0c1d7271bd8e887",
      "Interactive.Ghost.Border.Focus": "d2e02da2998cea128cfbf230663ee15b6aab387b",
      "Interactive.Links.Default": "f75985cce0be2c8b9d88c040ea5a5de2ef802357",
      "Interactive.Links.Hover": "afb1bfd6bd52a831967256b1cad4e0daa4b50d4d",
      "Interactive.Links.Focus": "24cf52f209ee62391609fd9adbc1dc61f13fadc8",
      "Interactive.Links.Visited": "8513292d49deaca91148675308041470c0db584b",
      "Feedback.Background.Default.Info": "a4bd5476670df6edf56beb3ef76a8db24a9c9f14",
      "Feedback.Background.Default.Error": "e9b293b1d3d6839c534860178ba88e8fe2271d75",
      "Feedback.Background.Default.Warning": "ca2455419d6bb428b3b9e9ef99561605dec676c7",
      "Feedback.Background.Default.Success": "76426d0f924fd0d086a7ae276cd03c4eb3858e66",
      "Feedback.Background.Subtle.Info": "7e6169dd39dd2686a1bd1b72a21fd4112fa87fb7",
      "Feedback.Background.Subtle.Error": "ff77dd5f7960fd822ac6af8e9533ad6829d81916",
      "Feedback.Background.Subtle.Warning": "ca9bfaf44c39851e87e57bb66956f4a934c0a687",
      "Feedback.Background.Subtle.Success": "78420e2feade987bee01cffbecc9b341aff9437e",
      "Feedback.Background.Emphasized.Info": "c9b3eeaa6bea7716239454b58ed24f327043169e",
      "Feedback.Background.Emphasized.Error": "3fb270d1df7ac6a8d484188f54566cfb9a97caa2",
      "Feedback.Background.Emphasized.Warning": "1278c523dce11430a5e8d6d7f00260987f8dbf13",
      "Feedback.Background.Emphasized.Success": "ed1d9e3eb6b487cead87a00eab2e30d84d21c7bb",
      "Feedback.Foreground.Default.Info": "8c929c82ef739bd8d2d8a5ce36908a0620690cdb",
      "Feedback.Foreground.Default.Error": "56e2604ede66a184867cbfc8312d32ac96544186",
      "Feedback.Foreground.Default.Warning": "0bb02dd090852eb38dac518e5a2def9cf7d90315",
      "Feedback.Foreground.Default.Success": "2bd59e443f8ec92e88d4e3428fb3f71d2af72793",
      "Feedback.Foreground.Subtle.Info": "72f1fd5a181079d1bade22dff3df4a3035e3d987",
      "Feedback.Foreground.Subtle.Error": "ac09de514c09408c4595413c0891a66fe1111daf",
      "Feedback.Foreground.Subtle.Warning": "d15689adad59776eececf319a6bb5c022692e51a",
      "Feedback.Foreground.Subtle.Success": "0b1531937f5009420150273c3f13695a50e4c760",
      "Feedback.Foreground.Emphasized.Info": "46943885753257e5b3fad0b05bccce45c53e4a87",
      "Feedback.Foreground.Emphasized.Error": "abd93b765020797c1911b8999ea91fc4bf5e11be",
      "Feedback.Foreground.Emphasized.Warning": "19f3f19cb19a50b57883b9d4fea699fab68123f0",
      "Feedback.Foreground.Emphasized.Success": "b04fc88f40f225aa16fb9d8c8259a660e78f34b8",
      "Dangerlevel.Background.Mute.Level1": "450692cc3b78520b0016b9f6c302f7e6e3b2f540",
      "Dangerlevel.Background.Mute.Level2": "0655c8e34a9026207dc1b56b0c33c4f132ca8b0c",
      "Dangerlevel.Background.Mute.Level3": "e57c7169577d18e156b20d50e67288cf2e40db12",
      "Dangerlevel.Background.Mute.Level4": "d80f5d3cb86496df7cbd8d18a7de7abbe6fd4de7",
      "Dangerlevel.Background.Mute.Level5": "c1882c22be8543640d1bdbf9740638dae702b53a",
      "Dangerlevel.Background.Subtle.Level1": "bbe9864c42cae00b5e75784bf05bb995e21199cd",
      "Dangerlevel.Background.Subtle.Level2": "0d9a21b052fd9fee84459a5a001a00c1d0f50c3d",
      "Dangerlevel.Background.Subtle.Level3": "8ebadd57a263ffa6d6be38ca612765422da91bbc",
      "Dangerlevel.Background.Subtle.Level4": "d7f0b4c530ce512e9d7984f92f36e4611e72d717",
      "Dangerlevel.Background.Subtle.Level5": "2b4657061b2c281a970a163a5654b24ba0762049",
      "Dangerlevel.Background.Default.Level1": "4acf54323e762f9801d8bf807cc0553250bac34e",
      "Dangerlevel.Background.Default.Level2": "04ca8efb542f81fed335369c96b549c00761af18",
      "Dangerlevel.Background.Default.Level3": "5d5f8399771eddd7e10f8e5cb2b62b2ec1090064",
      "Dangerlevel.Background.Default.Level4": "09397fe3404dc1c9337e0703e1bc5f6113d6b8ef",
      "Dangerlevel.Background.Default.Level5": "d736d01d81ab22a0e2df608673253d16b6756c58",
      "Dangerlevel.Foreground.Default.Level1": "a8b6a7310d02a9a6cf1a5c6eeea7493e567231ff",
      "Dangerlevel.Foreground.Default.Level2": "39efa0af78ff4dba78964675629a7028070a98ee",
      "Dangerlevel.Foreground.Default.Level3": "661f6c69195a97c6d5050125739d080275311bd8",
      "Dangerlevel.Foreground.Default.Level4": "3097393f5949236f2ac5225dd75b531985717daa",
      "Dangerlevel.Foreground.Default.Level5": "9accced26fd7e27d5aab681303b4204e3f0a5999",
      "Dangerlevel.Foreground.Mute.Level1": "188fba9512004b61a308041de7300c850e175bfc",
      "Dangerlevel.Foreground.Mute.Level2": "1e16d535d3983c067542cf82ba1de179d06cfdd2",
      "Dangerlevel.Foreground.Mute.Level3": "5eecaa8a943dcd127af8cf2aaef5355d6dc21dd6",
      "Dangerlevel.Foreground.Mute.Level4": "6d0c261d5a3d89204b6b296f957a6b8bb85bb29a",
      "Dangerlevel.Foreground.Mute.Level5": "f1a08a10a3a0c6776db342a7b8a4204f28a922a5",
      "Dangerlevel.Foreground.Subtle.Level1": "c3626514a918ab78814132e0b626f12285d8b11f",
      "Dangerlevel.Foreground.Subtle.Level2": "3cc38595a6b15870a22ad1eca1e4eecd3734d53e",
      "Dangerlevel.Foreground.Subtle.Level3": "7cb61843ee7662dbca76ff8ec1be97e2814a82ca",
      "Dangerlevel.Foreground.Subtle.Level4": "170f34d5f0220571181bdecd9d47fded689d7df3",
      "Dangerlevel.Foreground.Subtle.Level5": "abc2af3d9df3f9483ed7070e785f9ac01ece39c8",
      "Neutrals.Background.Primary-Contrast": "79fc10b9fa797bae6a88494357ddebac872b2706"
    },
    "group": "Theme"
  },
  {
    "id": "99744697fe22175961382650c597724705f00012",
    "name": "NVE Dark",
    "$figmaStyleReferences": {},
    "selectedTokenSets": {
      "private": "source",
      "public/device/base": "enabled",
      "Theme/nve_dark": "enabled"
    },
    "$figmaCollectionId": "VariableCollectionId:635:17808",
    "$figmaModeId": "635:1",
    "$figmaVariableReferences": {
      "Brand.Primary": "8f78bd8c4916ec2b9324eb0709e0aa25e748a9b9",
      "Brand.Light": "b2fdeb5e20b5c0a42dea0f2ecd3926b7cf83dc81",
      "Brand.Deep": "8536251725b00b0acd808375b2b46c7ea1a804dc",
      "Neutrals.Background.Primary": "a65775c60ddb4e431fbf87e189c61e8d55ac6553",
      "Neutrals.Background.Secondary": "f14af651d77fbb3d6e31a55c90a0c80da5a2d105",
      "Neutrals.Foreground.Primary": "69c4ce7dcb47690e29a3415561fbf27b0bd8dd8c",
      "Neutrals.Foreground.Mute": "8dc66dd3eea320a79ac630c783d6aefcee20917b",
      "Neutrals.Foreground.Subtle": "499d5fb10a82c4c63ab43e0acce427c1d76d07c9",
      "Neutrals.Border.Default": "b3be28cf8292856e77f4a9caf544a6a5a491bf0b",
      "Neutrals.Border.Mute": "db7ab2fb6dd5d68b6b77aabe74e411ef7e54f4b3",
      "Neutrals.Border.Subtle": "da69aceb58d5c1503cdce1ef130dff759c865f58",
      "Neutrals.Border.Disabled": "6c60f8dc1824537bb8d93f6834871c76df82db00",
      "Interactive.Primary.Background.Default": "2fcf96f09bb53469140bf4ba629c8fbcd85c3859",
      "Interactive.Primary.Background.Hover": "16270a2ef424432f71cc5f1c54100fa071ef6b4a",
      "Interactive.Primary.Background.Disabled": "6818317506ebd72e0af8a1cd21f605d215640acb",
      "Interactive.Primary.Foreground.Default": "557a8b065a62d4cfe85f9e91e4747d07ddbab8fc",
      "Interactive.Primary.Foreground.Hover": "bf07eb23f5763f680fe626d351174caf3319bccd",
      "Interactive.Primary.Foreground.Disabled": "0d145b4f82e57dc1815e3b0be247c53bc4041e06",
      "Interactive.Primary.Foreground.Border.Focus": "c559aec80e13fca0e50f6d9af8c3b463668652ce",
      "Interactive.Secondary.Background.Default": "2a91ca72449c4eccfae590d0a10bad29bf2a0094",
      "Interactive.Secondary.Background.Hover": "08e7bda1ddcc3159f6ada868f3c4da6f04fdc2de",
      "Interactive.Secondary.Background.Disabled": "ecf4cc2a7ebc4f9d7850ed61f604e63724925d86",
      "Interactive.Secondary.Foreground.Default": "8cea5b9c4e483d32dd4957bc261e804b61c64573",
      "Interactive.Secondary.Foreground.Hover": "290fe2b683084efa3092e034eb481056f05eecb4",
      "Interactive.Secondary.Foreground.Disabled": "7980fc75d52c5819840a7e886109149590bd525b",
      "Interactive.Secondary.Border.Focus": "17d89b9ee4598e17ca36505a7ffd5c7d5c69d43d",
      "Interactive.Outlined.Foreground.Default": "efe2a7999d9ab447d834068f25c0cd599d76ae8d",
      "Interactive.Outlined.Foreground.Hover": "3432bef22b03048aaa633edba9f304e995f45587",
      "Interactive.Outlined.Foreground.Disabled": "cae7eae93c80fc808136038edf51a2f12e0c19f9",
      "Interactive.Outlined.Border.Default": "21241b95a870135e921a90ad343e2b3a097cea9d",
      "Interactive.Outlined.Border.Hover": "39f204b2ecaf9f2a08f6a0f6153f529f31216bf2",
      "Interactive.Outlined.Border.Focus": "385452b523b6baa5935058bc0f99294d2d28b630",
      "Interactive.Outlined.Border.Disabled": "eb8683535ad793ab023cf87f5383764136fc6d6c",
      "Interactive.Ghost.Background.Hover": "cd40f86bd6d43e0934f87c2a7ff17fba4d1d48f1",
      "Interactive.Ghost.Foreground.Default": "477d9fd052b049a549a6694bb484b64b71c683b6",
      "Interactive.Ghost.Foreground.Hover": "f4351010a5df845a4644a94eda5f7a74070eb43f",
      "Interactive.Ghost.Foreground.Disabled": "e246e47399020549fd6aebaec0c1d7271bd8e887",
      "Interactive.Ghost.Border.Focus": "d2e02da2998cea128cfbf230663ee15b6aab387b",
      "Interactive.Links.Default": "f75985cce0be2c8b9d88c040ea5a5de2ef802357",
      "Interactive.Links.Hover": "afb1bfd6bd52a831967256b1cad4e0daa4b50d4d",
      "Interactive.Links.Focus": "24cf52f209ee62391609fd9adbc1dc61f13fadc8",
      "Interactive.Links.Visited": "8513292d49deaca91148675308041470c0db584b",
      "Feedback.Background.Default.Info": "a4bd5476670df6edf56beb3ef76a8db24a9c9f14",
      "Feedback.Background.Default.Error": "e9b293b1d3d6839c534860178ba88e8fe2271d75",
      "Feedback.Background.Default.Warning": "ca2455419d6bb428b3b9e9ef99561605dec676c7",
      "Feedback.Background.Default.Success": "76426d0f924fd0d086a7ae276cd03c4eb3858e66",
      "Feedback.Background.Subtle.Info": "7e6169dd39dd2686a1bd1b72a21fd4112fa87fb7",
      "Feedback.Background.Subtle.Error": "ff77dd5f7960fd822ac6af8e9533ad6829d81916",
      "Feedback.Background.Subtle.Warning": "ca9bfaf44c39851e87e57bb66956f4a934c0a687",
      "Feedback.Background.Subtle.Success": "78420e2feade987bee01cffbecc9b341aff9437e",
      "Feedback.Background.Emphasized.Info": "c9b3eeaa6bea7716239454b58ed24f327043169e",
      "Feedback.Background.Emphasized.Error": "3fb270d1df7ac6a8d484188f54566cfb9a97caa2",
      "Feedback.Background.Emphasized.Warning": "1278c523dce11430a5e8d6d7f00260987f8dbf13",
      "Feedback.Background.Emphasized.Success": "ed1d9e3eb6b487cead87a00eab2e30d84d21c7bb",
      "Feedback.Foreground.Default.Info": "8c929c82ef739bd8d2d8a5ce36908a0620690cdb",
      "Feedback.Foreground.Default.Error": "56e2604ede66a184867cbfc8312d32ac96544186",
      "Feedback.Foreground.Default.Warning": "0bb02dd090852eb38dac518e5a2def9cf7d90315",
      "Feedback.Foreground.Default.Success": "2bd59e443f8ec92e88d4e3428fb3f71d2af72793",
      "Feedback.Foreground.Subtle.Info": "72f1fd5a181079d1bade22dff3df4a3035e3d987",
      "Feedback.Foreground.Subtle.Error": "ac09de514c09408c4595413c0891a66fe1111daf",
      "Feedback.Foreground.Subtle.Warning": "d15689adad59776eececf319a6bb5c022692e51a",
      "Feedback.Foreground.Subtle.Success": "0b1531937f5009420150273c3f13695a50e4c760",
      "Feedback.Foreground.Emphasized.Info": "46943885753257e5b3fad0b05bccce45c53e4a87",
      "Feedback.Foreground.Emphasized.Error": "abd93b765020797c1911b8999ea91fc4bf5e11be",
      "Feedback.Foreground.Emphasized.Warning": "19f3f19cb19a50b57883b9d4fea699fab68123f0",
      "Feedback.Foreground.Emphasized.Success": "b04fc88f40f225aa16fb9d8c8259a660e78f34b8",
      "Dangerlevel.Background.Mute.Level1": "450692cc3b78520b0016b9f6c302f7e6e3b2f540",
      "Dangerlevel.Background.Mute.Level2": "0655c8e34a9026207dc1b56b0c33c4f132ca8b0c",
      "Dangerlevel.Background.Mute.Level3": "e57c7169577d18e156b20d50e67288cf2e40db12",
      "Dangerlevel.Background.Mute.Level4": "d80f5d3cb86496df7cbd8d18a7de7abbe6fd4de7",
      "Dangerlevel.Background.Mute.Level5": "c1882c22be8543640d1bdbf9740638dae702b53a",
      "Dangerlevel.Background.Subtle.Level1": "bbe9864c42cae00b5e75784bf05bb995e21199cd",
      "Dangerlevel.Background.Subtle.Level2": "0d9a21b052fd9fee84459a5a001a00c1d0f50c3d",
      "Dangerlevel.Background.Subtle.Level3": "8ebadd57a263ffa6d6be38ca612765422da91bbc",
      "Dangerlevel.Background.Subtle.Level4": "d7f0b4c530ce512e9d7984f92f36e4611e72d717",
      "Dangerlevel.Background.Subtle.Level5": "2b4657061b2c281a970a163a5654b24ba0762049",
      "Dangerlevel.Background.Default.Level1": "4acf54323e762f9801d8bf807cc0553250bac34e",
      "Dangerlevel.Background.Default.Level2": "04ca8efb542f81fed335369c96b549c00761af18",
      "Dangerlevel.Background.Default.Level3": "5d5f8399771eddd7e10f8e5cb2b62b2ec1090064",
      "Dangerlevel.Background.Default.Level4": "09397fe3404dc1c9337e0703e1bc5f6113d6b8ef",
      "Dangerlevel.Background.Default.Level5": "d736d01d81ab22a0e2df608673253d16b6756c58",
      "Dangerlevel.Foreground.Default.Level1": "a8b6a7310d02a9a6cf1a5c6eeea7493e567231ff",
      "Dangerlevel.Foreground.Default.Level2": "39efa0af78ff4dba78964675629a7028070a98ee",
      "Dangerlevel.Foreground.Default.Level3": "661f6c69195a97c6d5050125739d080275311bd8",
      "Dangerlevel.Foreground.Default.Level4": "3097393f5949236f2ac5225dd75b531985717daa",
      "Dangerlevel.Foreground.Default.Level5": "9accced26fd7e27d5aab681303b4204e3f0a5999",
      "Dangerlevel.Foreground.Mute.Level1": "188fba9512004b61a308041de7300c850e175bfc",
      "Dangerlevel.Foreground.Mute.Level2": "1e16d535d3983c067542cf82ba1de179d06cfdd2",
      "Dangerlevel.Foreground.Mute.Level3": "5eecaa8a943dcd127af8cf2aaef5355d6dc21dd6",
      "Dangerlevel.Foreground.Mute.Level4": "6d0c261d5a3d89204b6b296f957a6b8bb85bb29a",
      "Dangerlevel.Foreground.Mute.Level5": "f1a08a10a3a0c6776db342a7b8a4204f28a922a5",
      "Dangerlevel.Foreground.Subtle.Level1": "c3626514a918ab78814132e0b626f12285d8b11f",
      "Dangerlevel.Foreground.Subtle.Level2": "3cc38595a6b15870a22ad1eca1e4eecd3734d53e",
      "Dangerlevel.Foreground.Subtle.Level3": "7cb61843ee7662dbca76ff8ec1be97e2814a82ca",
      "Dangerlevel.Foreground.Subtle.Level4": "170f34d5f0220571181bdecd9d47fded689d7df3",
      "Dangerlevel.Foreground.Subtle.Level5": "abc2af3d9df3f9483ed7070e785f9ac01ece39c8",
      "Neutrals.Background.Primary-Contrast": "79fc10b9fa797bae6a88494357ddebac872b2706"
    },
    "group": "Theme"
  },
  {
    "id": "2d7299a5a79720baec7707b9b355f38c6e364bd6",
    "name": "private",
    "$figmaStyleReferences": {},
    "selectedTokenSets": {
      "private": "enabled"
    },
    "$figmaCollectionId": "VariableCollectionId:635:17932",
    "$figmaModeId": "635:2",
    "$figmaVariableReferences": {
      "nve_brand.100": "713a150069298993638318f7a0078165ffb51564",
      "nve_brand.150": "079f5b04af2e0b0d4b921bab3cb1f93f8257814d",
      "nve_brand.200": "f412e3110f6efeb9e2515ec5b85a558792f90465",
      "nve_brand.300": "7e8c054f2a5791213d7f5f10385f057c253fa762",
      "nve_brand.400": "3a2424994c9fa11f5e50ff1e28d667bea75a9724",
      "nve_brand.500": "22ee009ce9348fe01f1eaee824a8f5a42be2b606",
      "nve_brand.600": "5a2f8b8aef0c62b3a9f75b99889d16b52076e2c8",
      "nve_brand.700": "4ac49d2c9c4c6ce3f009193c59228c96a14911ed",
      "nve_brand.800": "bb351cb21a2dab91d758b6a3234c51b94fc44980",
      "nve_brand.850": "58082a415e313bb08f3b9554041618708420cfd0",
      "nve_brand.900": "1c79890d9d7a0daccc9a927380dd78030da15a38",
      "nve_brand.950": "8b4249375a7d9eab00c5853e31bb8ddd816f4506",
      "nve_brand.999": "17945b7f0cae0c33acdc16fd0235d0603654f416",
      "nve_brand.000": "4ab2242a9aaf2db0ce36330d4920e084b6f8a25e",
      "nve_brand.050": "454d1730d5c3f10002158b104ba091f4ef85e44c",
      "grey.100": "b31df1949ba70e34d00b30910c1550218ea84ed8",
      "grey.150": "6019f7caaf64f9767d258b5926395a9930aeba49",
      "grey.200": "5307745cf6a1d2c111661cd5848ffb64590b7f10",
      "grey.300": "f1499dfaf20ca2fe6b56f55126279d66ec3b658a",
      "grey.400": "64528e5ba1ed921e2bb5c389989d21e33dbd1122",
      "grey.500": "bbd10ca4b2fae2bc43fe6c8bf30df455405440d3",
      "grey.600": "21ec07e446c7c70e12f7d207e3ec74e586995fcb",
      "grey.700": "4b1090f80e1e268570b992b738fdd06fd40ff60f",
      "grey.800": "b628f8e51dd052ebd84a887f73b8a55cbd750f87",
      "grey.850": "8d4e94561b968b1390c9181527467fdb07e198fb",
      "grey.900": "327f98ca33ecf02734c54cf72b15d308c8d6f8e5",
      "grey.950": "c505a921f8d86d7f4c26a47459ae650a9f352d7f",
      "grey.999": "6a56c5488102c9278fcbf1bb48bee8f4cf758023",
      "grey.000": "aa35689745bd2993ed658f505468bad8cfc44f07",
      "grey.050": "a3b4087b41c146cdcc72b12b4f44ad914d0ed8f9",
      "red.100": "388fe37c12f3ade0bdf05a9ccfc36bcc6a68a838",
      "red.150": "0fcdf36b201d66ec31e56b906db50dc742cfad5d",
      "red.200": "c825b4bca8d548000ee1542535fcff9d63f63eed",
      "red.300": "1e0003047a1607e7ba8f5f41829ef851f715b21b",
      "red.400": "c115da21152944b449f7c3a69f65c3aae8a13569",
      "red.500": "186ff302f769429da7f5f82f0b4b7830b433f944",
      "red.600": "00b54bc9ddd930d97de3b1e5b104ab50cc27072e",
      "red.700": "8c7c5b796c7f82269f17e318fbdb733291eb2c32",
      "red.800": "0c95d18936ee6b31679e94c1e4c9fe532b10686e",
      "red.850": "013dec3ffc367d411cc2ae9ac3d335af66840b58",
      "red.900": "c13361bfc0f768aba635d86b9bbfab948148fbd0",
      "red.950": "fbd26e6cca7e8d787786d8142e35c2cc36e98cf8",
      "red.999": "e4d6f9ee65dcea28f9b2a30aa66dbbcb54ecedba",
      "red.000": "99deb01fc76d10bdcc8a98dd11c7575c4c50caf8",
      "red.050": "91465a753b8f2eb5d64caf8d7f79ca5496384b4a",
      "yellow.100": "472b96540fc3cf3a36c227eb17456050a251b002",
      "yellow.150": "a956a2a483411fd8881556dbaae74a4c5ccc703c",
      "yellow.200": "a64e535a401a673df0b6d0adb498fa11155a0869",
      "yellow.300": "6cfce8155b8611a22a8b3e63ff744610bdae3d6f",
      "yellow.400": "2af202a36649f1436bad3d5d147ef07676cb7710",
      "yellow.500": "211dc24386681d93e9f12784517e6ad7a5511f98",
      "yellow.600": "3ba4fc26e5c02c928908326056afca9f8e9ee7d1",
      "yellow.700": "45b54253c1ea183eb6211326c2a9f7a1d6213e09",
      "yellow.800": "1f65a6a7ac3d0039c0bec61b40133ed011d45ca7",
      "yellow.850": "a47c7ffa9532ee19c163c86916be9e8fa04703b4",
      "yellow.900": "bddfba9ed3b6f694740c07e5d93fb4c75f7d38f1",
      "yellow.950": "066bae8a4a891fdb093f5f73a461dff45604cc05",
      "yellow.999": "9a678eb7c31dd17346d7084ba6f28465987da26e",
      "yellow.000": "3ab110cc16a3541817a22e2b207f9c7a5cf648a5",
      "yellow.050": "2ad6e5ee1f09679b830fb3a504722d9479546e14",
      "blue.100": "31546090e61a8b27368afa7655ee8a3b70c471e6",
      "blue.150": "71cb56eb5b657788d6759a2918f55faa492863cd",
      "blue.200": "3ec8ab28190c4341214593e767c1374d53bd8e5c",
      "blue.300": "953770d583633e7fcfeb0d7e7239b57dd71ff24c",
      "blue.400": "a083af9d854fb3e0507972f95afa327bcc7ec304",
      "blue.500": "d3c223b4ae99e2e2d731452ece67cfded84bd930",
      "blue.600": "923f684c29b18d850fc6b98f6ebf29417c7e19a9",
      "blue.700": "2bf721143c0b6b46c3a0ab9748d5d1d4dcec514a",
      "blue.800": "ab2226ae902eace307085e18115ed6d807c53e6b",
      "blue.850": "c98b2ea6fadfbb6f1c26995cb478d2a115521941",
      "blue.900": "964ce96cb993d516fa3271963b9ed17342accf87",
      "blue.950": "103e9a937642fabe95e2c82b82eef1d2c45382f3",
      "blue.999": "b74ecdcbfabbb55f43a599fd016e7112e8b5fc95",
      "blue.000": "afcec9c08be922245f968f4310c3654768058953",
      "blue.050": "197cfa5ae0efa3aed3b0844e86139c250af1d162",
      "green.100": "ef4381a5aec7c0947e9b340cd0bc8bf358915b2a",
      "green.150": "d4b1766dfbc76a508575836d338784b3da2609b8",
      "green.200": "4414fd81ad9092bc20b591250a65b2a4798c2209",
      "green.300": "734e5ceb7b28751a5a43aa6e076f2d3b05680c5a",
      "green.400": "bf66acdaf7c2979ed2e1b2e7bab06c0c1af88c92",
      "green.500": "789dfe19d3f5de63612c11e4117862922ef30b91",
      "green.600": "b2b381792809639ee63b6b2e484bdaa233e32e65",
      "green.700": "8d8729ed0ee45a1603b05adf89e867750853040f",
      "green.800": "efc507caa146fd3735dd803c6d8a5609f262d14c",
      "green.850": "90de226bcf8e734a21ad37892380a564dc9f6454",
      "green.900": "94d50bbc4b4fb57ec92b2203ec88591df707eaf4",
      "green.950": "c15b6c49c3747ebb9e05a60b3496281790e8d1c5",
      "green.999": "2f238a3d104da302417c45ff43efc11ae2c8bbbc",
      "green.000": "7ae93396282fae9aeb709f837816473ff867c24d",
      "green.050": "775e0cedc36029bac171e02b8c87719022d4d3df",
      "varsom_brand.100": "af0d6fb08cad5de296d3cdd14659de14d7c1f26b",
      "varsom_brand.150": "4a7d8723463743dcc24f5e375dba8a234f6b5157",
      "varsom_brand.200": "4e31c200c021c7f37d650f6dd834852b6467e160",
      "varsom_brand.300": "bd58907e30d331544bb791fce98fae6e4d485f0b",
      "varsom_brand.400": "3ad8d1e1421ef14f5a84e1d5ccfeff069766f0e8",
      "varsom_brand.500": "1b367c20f1bd4543384d81ef9262f6232c93ffda",
      "varsom_brand.600": "24001bdb4950c93628b06833c13907ea453183a0",
      "varsom_brand.700": "174947bfc26cf3344d36b95c90ebe497f105b1e6",
      "varsom_brand.800": "769bbf103fc0cf528f577ecc818233a247f2e511",
      "varsom_brand.850": "74134fc64231ef9e4709791f11ee3fbdf25465c0",
      "varsom_brand.900": "63d38dba53fb9585834f54a3ef790fba22f602d3",
      "varsom_brand.950": "52e9588693f6de664ce3a1a4388f2257f5c394b2",
      "varsom_brand.999": "dd8045d6e1276ee963e32c5b1558d0e65260e284",
      "varsom_brand.000": "3aba6eb5724f500a6e3c1e76cd04e87146cf437b",
      "varsom_brand.050": "471497bcbf540a3d0bd57a613fa72a47243de6ef",
      "orange.100": "4dca33b7468f2b1bad7c68405d8d4fc5e80ea5a5",
      "orange.150": "e63131cee5fc54dd16b7b724d1770398fbd7503f",
      "orange.200": "9e859847fda110e902b3ccf4a4a9cc4291803ebc",
      "orange.300": "96832aa521d4326e822e0cdb7ff14aa40cc1d2a2",
      "orange.400": "b6049d7f8549133640cf415c721f2cda1ca7a177",
      "orange.500": "4bb7c7ec0182c12e9bc4884e7a0b781c804f92d4",
      "orange.600": "8d1fc648f1745f865f3abe3917ed8098a164a0b0",
      "orange.700": "6f2f111b7a767c2baab1a4e6256f7d5459615c2d",
      "orange.800": "4729939419e38c113e768f70525843c5dcbbd838",
      "orange.850": "1cfb9c4660d34cc9d79c3b8bcadc3b0f469e5866",
      "orange.900": "bf74c74467f7014a23337cf84b79e358531501c7",
      "orange.950": "38d6cc37689afd7df669c181d6c2b5ea799edc51",
      "orange.999": "3f092fd3c83a8cfe9952e151f064964517118b38",
      "orange.000": "9a380099d9e0d68c5c1cf63098e0f0cdc88b877e",
      "orange.050": "5e18572858fc58915e4b5bc993d4a75c58a26139",
      "varsom_blue.100": "1c4b9c51102da5430b18554ca4e6f9ff9758e0a7",
      "varsom_blue.150": "daff9408d35499d3ca924033b223f19136a5bf58",
      "varsom_blue.200": "d82ca0af9627239fb7a3f9c7b8119f4f0453faf3",
      "varsom_blue.300": "7647709428fdcd9785b7d6fa521efe89a2974725",
      "varsom_blue.400": "8d91ea786c63524a2057b3eaf9c97918fba43968",
      "varsom_blue.500": "af12569c8cb8aa7fb2d18b7f33d407aa6e4a0d6f",
      "varsom_blue.600": "2f058602e2109117f324fa86e1957581e29ba9b8",
      "varsom_blue.700": "f8cb21d33c7ba81bfe522f03732f1ebd10a792c6",
      "varsom_blue.800": "73ed33009cabea2fc17140e0a64563a8fd4356f3",
      "varsom_blue.850": "465ac50753aace406f80ddcb0ba5c772ba97b335",
      "varsom_blue.900": "8f29e66b7d5abae70a871098b0d943b696b8c4ce",
      "varsom_blue.950": "71b3c42d52001bc229512323fa67ae384fd39b0b",
      "varsom_blue.999": "430cf4abc3e123f27a2170265bf644f96b08d3a3",
      "varsom_blue.000": "d334d30ced73bd937a7727ad5964fa6db83319f8",
      "varsom_blue.050": "411d19d291cf8800d978b28a3b179e13d05c5299"
    },
    "group": "Core"
  },
  {
    "id": "220310b8894d5fd329474f30cfedfdefe422790c",
    "name": "Varsom Light",
    "$figmaStyleReferences": {},
    "selectedTokenSets": {
      "Theme/varsom_light": "enabled",
      "private": "source",
      "public/device/base": "enabled"
    },
    "$figmaCollectionId": "VariableCollectionId:635:17808",
    "$figmaModeId": "635:3",
    "$figmaVariableReferences": {
      "Brand.Primary": "8f78bd8c4916ec2b9324eb0709e0aa25e748a9b9",
      "Brand.Light": "b2fdeb5e20b5c0a42dea0f2ecd3926b7cf83dc81",
      "Brand.Deep": "8536251725b00b0acd808375b2b46c7ea1a804dc",
      "Neutrals.Background.Primary": "a65775c60ddb4e431fbf87e189c61e8d55ac6553",
      "Neutrals.Background.Secondary": "f14af651d77fbb3d6e31a55c90a0c80da5a2d105",
      "Neutrals.Foreground.Primary": "69c4ce7dcb47690e29a3415561fbf27b0bd8dd8c",
      "Neutrals.Foreground.Mute": "8dc66dd3eea320a79ac630c783d6aefcee20917b",
      "Neutrals.Foreground.Subtle": "499d5fb10a82c4c63ab43e0acce427c1d76d07c9",
      "Neutrals.Border.Default": "b3be28cf8292856e77f4a9caf544a6a5a491bf0b",
      "Neutrals.Border.Mute": "db7ab2fb6dd5d68b6b77aabe74e411ef7e54f4b3",
      "Neutrals.Border.Subtle": "da69aceb58d5c1503cdce1ef130dff759c865f58",
      "Neutrals.Border.Disabled": "6c60f8dc1824537bb8d93f6834871c76df82db00",
      "Interactive.Primary.Background.Default": "2fcf96f09bb53469140bf4ba629c8fbcd85c3859",
      "Interactive.Primary.Background.Hover": "16270a2ef424432f71cc5f1c54100fa071ef6b4a",
      "Interactive.Primary.Background.Disabled": "6818317506ebd72e0af8a1cd21f605d215640acb",
      "Interactive.Primary.Foreground.Default": "557a8b065a62d4cfe85f9e91e4747d07ddbab8fc",
      "Interactive.Primary.Foreground.Hover": "bf07eb23f5763f680fe626d351174caf3319bccd",
      "Interactive.Primary.Foreground.Disabled": "0d145b4f82e57dc1815e3b0be247c53bc4041e06",
      "Interactive.Primary.Foreground.Border.Focus": "c559aec80e13fca0e50f6d9af8c3b463668652ce",
      "Interactive.Secondary.Background.Default": "2a91ca72449c4eccfae590d0a10bad29bf2a0094",
      "Interactive.Secondary.Background.Hover": "08e7bda1ddcc3159f6ada868f3c4da6f04fdc2de",
      "Interactive.Secondary.Background.Disabled": "ecf4cc2a7ebc4f9d7850ed61f604e63724925d86",
      "Interactive.Secondary.Foreground.Default": "8cea5b9c4e483d32dd4957bc261e804b61c64573",
      "Interactive.Secondary.Foreground.Hover": "290fe2b683084efa3092e034eb481056f05eecb4",
      "Interactive.Secondary.Foreground.Disabled": "7980fc75d52c5819840a7e886109149590bd525b",
      "Interactive.Secondary.Border.Focus": "17d89b9ee4598e17ca36505a7ffd5c7d5c69d43d",
      "Interactive.Outlined.Foreground.Default": "efe2a7999d9ab447d834068f25c0cd599d76ae8d",
      "Interactive.Outlined.Foreground.Hover": "3432bef22b03048aaa633edba9f304e995f45587",
      "Interactive.Outlined.Foreground.Disabled": "cae7eae93c80fc808136038edf51a2f12e0c19f9",
      "Interactive.Outlined.Border.Default": "21241b95a870135e921a90ad343e2b3a097cea9d",
      "Interactive.Outlined.Border.Hover": "39f204b2ecaf9f2a08f6a0f6153f529f31216bf2",
      "Interactive.Outlined.Border.Focus": "385452b523b6baa5935058bc0f99294d2d28b630",
      "Interactive.Outlined.Border.Disabled": "eb8683535ad793ab023cf87f5383764136fc6d6c",
      "Interactive.Ghost.Background.Hover": "cd40f86bd6d43e0934f87c2a7ff17fba4d1d48f1",
      "Interactive.Ghost.Foreground.Default": "477d9fd052b049a549a6694bb484b64b71c683b6",
      "Interactive.Ghost.Foreground.Hover": "f4351010a5df845a4644a94eda5f7a74070eb43f",
      "Interactive.Ghost.Foreground.Disabled": "e246e47399020549fd6aebaec0c1d7271bd8e887",
      "Interactive.Ghost.Border.Focus": "d2e02da2998cea128cfbf230663ee15b6aab387b",
      "Interactive.Links.Default": "f75985cce0be2c8b9d88c040ea5a5de2ef802357",
      "Interactive.Links.Hover": "afb1bfd6bd52a831967256b1cad4e0daa4b50d4d",
      "Interactive.Links.Focus": "24cf52f209ee62391609fd9adbc1dc61f13fadc8",
      "Interactive.Links.Visited": "8513292d49deaca91148675308041470c0db584b",
      "Feedback.Background.Default.Info": "a4bd5476670df6edf56beb3ef76a8db24a9c9f14",
      "Feedback.Background.Default.Error": "e9b293b1d3d6839c534860178ba88e8fe2271d75",
      "Feedback.Background.Default.Warning": "ca2455419d6bb428b3b9e9ef99561605dec676c7",
      "Feedback.Background.Default.Success": "76426d0f924fd0d086a7ae276cd03c4eb3858e66",
      "Feedback.Background.Subtle.Info": "7e6169dd39dd2686a1bd1b72a21fd4112fa87fb7",
      "Feedback.Background.Subtle.Error": "ff77dd5f7960fd822ac6af8e9533ad6829d81916",
      "Feedback.Background.Subtle.Warning": "ca9bfaf44c39851e87e57bb66956f4a934c0a687",
      "Feedback.Background.Subtle.Success": "78420e2feade987bee01cffbecc9b341aff9437e",
      "Feedback.Background.Emphasized.Info": "c9b3eeaa6bea7716239454b58ed24f327043169e",
      "Feedback.Background.Emphasized.Error": "3fb270d1df7ac6a8d484188f54566cfb9a97caa2",
      "Feedback.Background.Emphasized.Warning": "1278c523dce11430a5e8d6d7f00260987f8dbf13",
      "Feedback.Background.Emphasized.Success": "ed1d9e3eb6b487cead87a00eab2e30d84d21c7bb",
      "Feedback.Foreground.Default.Info": "8c929c82ef739bd8d2d8a5ce36908a0620690cdb",
      "Feedback.Foreground.Default.Error": "56e2604ede66a184867cbfc8312d32ac96544186",
      "Feedback.Foreground.Default.Warning": "0bb02dd090852eb38dac518e5a2def9cf7d90315",
      "Feedback.Foreground.Default.Success": "2bd59e443f8ec92e88d4e3428fb3f71d2af72793",
      "Feedback.Foreground.Subtle.Info": "72f1fd5a181079d1bade22dff3df4a3035e3d987",
      "Feedback.Foreground.Subtle.Error": "ac09de514c09408c4595413c0891a66fe1111daf",
      "Feedback.Foreground.Subtle.Warning": "d15689adad59776eececf319a6bb5c022692e51a",
      "Feedback.Foreground.Subtle.Success": "0b1531937f5009420150273c3f13695a50e4c760",
      "Feedback.Foreground.Emphasized.Info": "46943885753257e5b3fad0b05bccce45c53e4a87",
      "Feedback.Foreground.Emphasized.Error": "abd93b765020797c1911b8999ea91fc4bf5e11be",
      "Feedback.Foreground.Emphasized.Warning": "19f3f19cb19a50b57883b9d4fea699fab68123f0",
      "Feedback.Foreground.Emphasized.Success": "b04fc88f40f225aa16fb9d8c8259a660e78f34b8",
      "Dangerlevel.Background.Mute.Level1": "450692cc3b78520b0016b9f6c302f7e6e3b2f540",
      "Dangerlevel.Background.Mute.Level2": "0655c8e34a9026207dc1b56b0c33c4f132ca8b0c",
      "Dangerlevel.Background.Mute.Level3": "e57c7169577d18e156b20d50e67288cf2e40db12",
      "Dangerlevel.Background.Mute.Level4": "d80f5d3cb86496df7cbd8d18a7de7abbe6fd4de7",
      "Dangerlevel.Background.Mute.Level5": "c1882c22be8543640d1bdbf9740638dae702b53a",
      "Dangerlevel.Background.Subtle.Level1": "bbe9864c42cae00b5e75784bf05bb995e21199cd",
      "Dangerlevel.Background.Subtle.Level2": "0d9a21b052fd9fee84459a5a001a00c1d0f50c3d",
      "Dangerlevel.Background.Subtle.Level3": "8ebadd57a263ffa6d6be38ca612765422da91bbc",
      "Dangerlevel.Background.Subtle.Level4": "d7f0b4c530ce512e9d7984f92f36e4611e72d717",
      "Dangerlevel.Background.Subtle.Level5": "2b4657061b2c281a970a163a5654b24ba0762049",
      "Dangerlevel.Background.Default.Level1": "4acf54323e762f9801d8bf807cc0553250bac34e",
      "Dangerlevel.Background.Default.Level2": "04ca8efb542f81fed335369c96b549c00761af18",
      "Dangerlevel.Background.Default.Level3": "5d5f8399771eddd7e10f8e5cb2b62b2ec1090064",
      "Dangerlevel.Background.Default.Level4": "09397fe3404dc1c9337e0703e1bc5f6113d6b8ef",
      "Dangerlevel.Background.Default.Level5": "d736d01d81ab22a0e2df608673253d16b6756c58",
      "Dangerlevel.Foreground.Default.Level1": "a8b6a7310d02a9a6cf1a5c6eeea7493e567231ff",
      "Dangerlevel.Foreground.Default.Level2": "39efa0af78ff4dba78964675629a7028070a98ee",
      "Dangerlevel.Foreground.Default.Level3": "661f6c69195a97c6d5050125739d080275311bd8",
      "Dangerlevel.Foreground.Default.Level4": "3097393f5949236f2ac5225dd75b531985717daa",
      "Dangerlevel.Foreground.Default.Level5": "9accced26fd7e27d5aab681303b4204e3f0a5999",
      "Dangerlevel.Foreground.Mute.Level1": "188fba9512004b61a308041de7300c850e175bfc",
      "Dangerlevel.Foreground.Mute.Level2": "1e16d535d3983c067542cf82ba1de179d06cfdd2",
      "Dangerlevel.Foreground.Mute.Level3": "5eecaa8a943dcd127af8cf2aaef5355d6dc21dd6",
      "Dangerlevel.Foreground.Mute.Level4": "6d0c261d5a3d89204b6b296f957a6b8bb85bb29a",
      "Dangerlevel.Foreground.Mute.Level5": "f1a08a10a3a0c6776db342a7b8a4204f28a922a5",
      "Dangerlevel.Foreground.Subtle.Level1": "c3626514a918ab78814132e0b626f12285d8b11f",
      "Dangerlevel.Foreground.Subtle.Level2": "3cc38595a6b15870a22ad1eca1e4eecd3734d53e",
      "Dangerlevel.Foreground.Subtle.Level3": "7cb61843ee7662dbca76ff8ec1be97e2814a82ca",
      "Dangerlevel.Foreground.Subtle.Level4": "170f34d5f0220571181bdecd9d47fded689d7df3",
      "Dangerlevel.Foreground.Subtle.Level5": "abc2af3d9df3f9483ed7070e785f9ac01ece39c8",
      "Neutrals.Background.Primary-Contrast": "79fc10b9fa797bae6a88494357ddebac872b2706"
    },
    "group": "Theme"
  },
  {
    "id": "e95830d693a80128ffc0df2fa3983cf9b3d83e94",
    "name": "Varsom Dark",
    "$figmaStyleReferences": {},
    "selectedTokenSets": {
      "private": "source",
      "public/device/base": "enabled",
      "Theme/varsom_dark": "enabled"
    },
    "$figmaCollectionId": "VariableCollectionId:635:17808",
    "$figmaModeId": "635:4",
    "$figmaVariableReferences": {
      "Brand.Primary": "8f78bd8c4916ec2b9324eb0709e0aa25e748a9b9",
      "Brand.Light": "b2fdeb5e20b5c0a42dea0f2ecd3926b7cf83dc81",
      "Brand.Deep": "8536251725b00b0acd808375b2b46c7ea1a804dc",
      "Neutrals.Background.Primary": "a65775c60ddb4e431fbf87e189c61e8d55ac6553",
      "Neutrals.Background.Secondary": "f14af651d77fbb3d6e31a55c90a0c80da5a2d105",
      "Neutrals.Foreground.Primary": "69c4ce7dcb47690e29a3415561fbf27b0bd8dd8c",
      "Neutrals.Foreground.Mute": "8dc66dd3eea320a79ac630c783d6aefcee20917b",
      "Neutrals.Foreground.Subtle": "499d5fb10a82c4c63ab43e0acce427c1d76d07c9",
      "Neutrals.Border.Default": "b3be28cf8292856e77f4a9caf544a6a5a491bf0b",
      "Neutrals.Border.Mute": "db7ab2fb6dd5d68b6b77aabe74e411ef7e54f4b3",
      "Neutrals.Border.Subtle": "da69aceb58d5c1503cdce1ef130dff759c865f58",
      "Neutrals.Border.Disabled": "6c60f8dc1824537bb8d93f6834871c76df82db00",
      "Interactive.Primary.Background.Default": "2fcf96f09bb53469140bf4ba629c8fbcd85c3859",
      "Interactive.Primary.Background.Hover": "16270a2ef424432f71cc5f1c54100fa071ef6b4a",
      "Interactive.Primary.Background.Disabled": "6818317506ebd72e0af8a1cd21f605d215640acb",
      "Interactive.Primary.Foreground.Default": "557a8b065a62d4cfe85f9e91e4747d07ddbab8fc",
      "Interactive.Primary.Foreground.Hover": "bf07eb23f5763f680fe626d351174caf3319bccd",
      "Interactive.Primary.Foreground.Disabled": "0d145b4f82e57dc1815e3b0be247c53bc4041e06",
      "Interactive.Primary.Foreground.Border.Focus": "c559aec80e13fca0e50f6d9af8c3b463668652ce",
      "Interactive.Secondary.Background.Default": "2a91ca72449c4eccfae590d0a10bad29bf2a0094",
      "Interactive.Secondary.Background.Hover": "08e7bda1ddcc3159f6ada868f3c4da6f04fdc2de",
      "Interactive.Secondary.Background.Disabled": "ecf4cc2a7ebc4f9d7850ed61f604e63724925d86",
      "Interactive.Secondary.Foreground.Default": "8cea5b9c4e483d32dd4957bc261e804b61c64573",
      "Interactive.Secondary.Foreground.Hover": "290fe2b683084efa3092e034eb481056f05eecb4",
      "Interactive.Secondary.Foreground.Disabled": "7980fc75d52c5819840a7e886109149590bd525b",
      "Interactive.Secondary.Border.Focus": "17d89b9ee4598e17ca36505a7ffd5c7d5c69d43d",
      "Interactive.Outlined.Foreground.Default": "efe2a7999d9ab447d834068f25c0cd599d76ae8d",
      "Interactive.Outlined.Foreground.Hover": "3432bef22b03048aaa633edba9f304e995f45587",
      "Interactive.Outlined.Foreground.Disabled": "cae7eae93c80fc808136038edf51a2f12e0c19f9",
      "Interactive.Outlined.Border.Default": "21241b95a870135e921a90ad343e2b3a097cea9d",
      "Interactive.Outlined.Border.Hover": "39f204b2ecaf9f2a08f6a0f6153f529f31216bf2",
      "Interactive.Outlined.Border.Focus": "385452b523b6baa5935058bc0f99294d2d28b630",
      "Interactive.Outlined.Border.Disabled": "eb8683535ad793ab023cf87f5383764136fc6d6c",
      "Interactive.Ghost.Background.Hover": "cd40f86bd6d43e0934f87c2a7ff17fba4d1d48f1",
      "Interactive.Ghost.Foreground.Default": "477d9fd052b049a549a6694bb484b64b71c683b6",
      "Interactive.Ghost.Foreground.Hover": "f4351010a5df845a4644a94eda5f7a74070eb43f",
      "Interactive.Ghost.Foreground.Disabled": "e246e47399020549fd6aebaec0c1d7271bd8e887",
      "Interactive.Ghost.Border.Focus": "d2e02da2998cea128cfbf230663ee15b6aab387b",
      "Interactive.Links.Default": "f75985cce0be2c8b9d88c040ea5a5de2ef802357",
      "Interactive.Links.Hover": "afb1bfd6bd52a831967256b1cad4e0daa4b50d4d",
      "Interactive.Links.Focus": "24cf52f209ee62391609fd9adbc1dc61f13fadc8",
      "Interactive.Links.Visited": "8513292d49deaca91148675308041470c0db584b",
      "Feedback.Background.Default.Info": "a4bd5476670df6edf56beb3ef76a8db24a9c9f14",
      "Feedback.Background.Default.Error": "e9b293b1d3d6839c534860178ba88e8fe2271d75",
      "Feedback.Background.Default.Warning": "ca2455419d6bb428b3b9e9ef99561605dec676c7",
      "Feedback.Background.Default.Success": "76426d0f924fd0d086a7ae276cd03c4eb3858e66",
      "Feedback.Background.Subtle.Info": "7e6169dd39dd2686a1bd1b72a21fd4112fa87fb7",
      "Feedback.Background.Subtle.Error": "ff77dd5f7960fd822ac6af8e9533ad6829d81916",
      "Feedback.Background.Subtle.Warning": "ca9bfaf44c39851e87e57bb66956f4a934c0a687",
      "Feedback.Background.Subtle.Success": "78420e2feade987bee01cffbecc9b341aff9437e",
      "Feedback.Background.Emphasized.Info": "c9b3eeaa6bea7716239454b58ed24f327043169e",
      "Feedback.Background.Emphasized.Error": "3fb270d1df7ac6a8d484188f54566cfb9a97caa2",
      "Feedback.Background.Emphasized.Warning": "1278c523dce11430a5e8d6d7f00260987f8dbf13",
      "Feedback.Background.Emphasized.Success": "ed1d9e3eb6b487cead87a00eab2e30d84d21c7bb",
      "Feedback.Foreground.Default.Info": "8c929c82ef739bd8d2d8a5ce36908a0620690cdb",
      "Feedback.Foreground.Default.Error": "56e2604ede66a184867cbfc8312d32ac96544186",
      "Feedback.Foreground.Default.Warning": "0bb02dd090852eb38dac518e5a2def9cf7d90315",
      "Feedback.Foreground.Default.Success": "2bd59e443f8ec92e88d4e3428fb3f71d2af72793",
      "Feedback.Foreground.Subtle.Info": "72f1fd5a181079d1bade22dff3df4a3035e3d987",
      "Feedback.Foreground.Subtle.Error": "ac09de514c09408c4595413c0891a66fe1111daf",
      "Feedback.Foreground.Subtle.Warning": "d15689adad59776eececf319a6bb5c022692e51a",
      "Feedback.Foreground.Subtle.Success": "0b1531937f5009420150273c3f13695a50e4c760",
      "Feedback.Foreground.Emphasized.Info": "46943885753257e5b3fad0b05bccce45c53e4a87",
      "Feedback.Foreground.Emphasized.Error": "abd93b765020797c1911b8999ea91fc4bf5e11be",
      "Feedback.Foreground.Emphasized.Warning": "19f3f19cb19a50b57883b9d4fea699fab68123f0",
      "Feedback.Foreground.Emphasized.Success": "b04fc88f40f225aa16fb9d8c8259a660e78f34b8",
      "Dangerlevel.Background.Mute.Level1": "450692cc3b78520b0016b9f6c302f7e6e3b2f540",
      "Dangerlevel.Background.Mute.Level2": "0655c8e34a9026207dc1b56b0c33c4f132ca8b0c",
      "Dangerlevel.Background.Mute.Level3": "e57c7169577d18e156b20d50e67288cf2e40db12",
      "Dangerlevel.Background.Mute.Level4": "d80f5d3cb86496df7cbd8d18a7de7abbe6fd4de7",
      "Dangerlevel.Background.Mute.Level5": "c1882c22be8543640d1bdbf9740638dae702b53a",
      "Dangerlevel.Background.Subtle.Level1": "bbe9864c42cae00b5e75784bf05bb995e21199cd",
      "Dangerlevel.Background.Subtle.Level2": "0d9a21b052fd9fee84459a5a001a00c1d0f50c3d",
      "Dangerlevel.Background.Subtle.Level3": "8ebadd57a263ffa6d6be38ca612765422da91bbc",
      "Dangerlevel.Background.Subtle.Level4": "d7f0b4c530ce512e9d7984f92f36e4611e72d717",
      "Dangerlevel.Background.Subtle.Level5": "2b4657061b2c281a970a163a5654b24ba0762049",
      "Dangerlevel.Background.Default.Level1": "4acf54323e762f9801d8bf807cc0553250bac34e",
      "Dangerlevel.Background.Default.Level2": "04ca8efb542f81fed335369c96b549c00761af18",
      "Dangerlevel.Background.Default.Level3": "5d5f8399771eddd7e10f8e5cb2b62b2ec1090064",
      "Dangerlevel.Background.Default.Level4": "09397fe3404dc1c9337e0703e1bc5f6113d6b8ef",
      "Dangerlevel.Background.Default.Level5": "d736d01d81ab22a0e2df608673253d16b6756c58",
      "Dangerlevel.Foreground.Default.Level1": "a8b6a7310d02a9a6cf1a5c6eeea7493e567231ff",
      "Dangerlevel.Foreground.Default.Level2": "39efa0af78ff4dba78964675629a7028070a98ee",
      "Dangerlevel.Foreground.Default.Level3": "661f6c69195a97c6d5050125739d080275311bd8",
      "Dangerlevel.Foreground.Default.Level4": "3097393f5949236f2ac5225dd75b531985717daa",
      "Dangerlevel.Foreground.Default.Level5": "9accced26fd7e27d5aab681303b4204e3f0a5999",
      "Dangerlevel.Foreground.Mute.Level1": "188fba9512004b61a308041de7300c850e175bfc",
      "Dangerlevel.Foreground.Mute.Level2": "1e16d535d3983c067542cf82ba1de179d06cfdd2",
      "Dangerlevel.Foreground.Mute.Level3": "5eecaa8a943dcd127af8cf2aaef5355d6dc21dd6",
      "Dangerlevel.Foreground.Mute.Level4": "6d0c261d5a3d89204b6b296f957a6b8bb85bb29a",
      "Dangerlevel.Foreground.Mute.Level5": "f1a08a10a3a0c6776db342a7b8a4204f28a922a5",
      "Dangerlevel.Foreground.Subtle.Level1": "c3626514a918ab78814132e0b626f12285d8b11f",
      "Dangerlevel.Foreground.Subtle.Level2": "3cc38595a6b15870a22ad1eca1e4eecd3734d53e",
      "Dangerlevel.Foreground.Subtle.Level3": "7cb61843ee7662dbca76ff8ec1be97e2814a82ca",
      "Dangerlevel.Foreground.Subtle.Level4": "170f34d5f0220571181bdecd9d47fded689d7df3",
      "Dangerlevel.Foreground.Subtle.Level5": "abc2af3d9df3f9483ed7070e785f9ac01ece39c8",
      "Neutrals.Background.Primary-Contrast": "79fc10b9fa797bae6a88494357ddebac872b2706"
    },
    "group": "Theme"
  }
]