{
  "nve_brand": {
    "100": {
      "value": "#ff2b4e",
      "type": "color"
    },
    "150": {
      "value": "#ff153b",
      "type": "color"
    },
    "200": {
      "value": "#f71439",
      "type": "color"
    },
    "300": {
      "value": "#e61335",
      "type": "color"
    },
    "400": {
      "value": "#d91232",
      "type": "color"
    },
    "500": {
      "value": "#c8102e",
      "type": "color"
    },
    "600": {
      "value": "#a40d26",
      "type": "color"
    },
    "700": {
      "value": "#880b1f",
      "type": "color"
    },
    "800": {
      "value": "#79091c",
      "type": "color"
    },
    "850": {
      "value": "#6c0819",
      "type": "color"
    },
    "900": {
      "value": "#5e0716",
      "type": "color"
    },
    "950": {
      "value": "#510613",
      "type": "color"
    },
    "999": {
      "value": "#440510",
      "type": "color"
    },
    "000": {
      "value": "#ff5e79",
      "type": "color"
    },
    "050": {
      "value": "#ff4564",
      "type": "color"
    }
  },
  "grey": {
    "100": {
      "value": "#edeef0",
      "type": "color"
    },
    "150": {
      "value": "#e4e5e7",
      "type": "color"
    },
    "200": {
      "value": "#cfd1d4",
      "type": "color"
    },
    "300": {
      "value": "#b7babf",
      "type": "color"
    },
    "400": {
      "value": "#9fa3a9",
      "type": "color"
    },
    "500": {
      "value": "#878c94",
      "type": "color"
    },
    "600": {
      "value": "#60656c",
      "type": "color"
    },
    "700": {
      "value": "#515459",
      "type": "color"
    },
    "800": {
      "value": "#3c3f44",
      "type": "color"
    },
    "850": {
      "value": "#292a2c",
      "type": "color"
    },
    "900": {
      "value": "#1b1c1e",
      "type": "color"
    },
    "950": {
      "value": "#0d0d0e",
      "type": "color"
    },
    "999": {
      "value": "#000000",
      "type": "color"
    },
    "000": {
      "value": "#ffffff",
      "type": "color"
    },
    "050": {
      "value": "#f7f7f8",
      "type": "color"
    }
  },
  "red": {
    "100": {
      "value": "#ffc2c2",
      "type": "color"
    },
    "150": {
      "value": "#ffa8a8",
      "type": "color"
    },
    "200": {
      "value": "#ff9494",
      "type": "color"
    },
    "300": {
      "value": "#ff7575",
      "type": "color"
    },
    "400": {
      "value": "#ff5757",
      "type": "color"
    },
    "500": {
      "value": "#ff3131",
      "type": "color"
    },
    "600": {
      "value": "#ea2020",
      "type": "color"
    },
    "700": {
      "value": "#cc0000",
      "type": "color"
    },
    "800": {
      "value": "#bc0303",
      "type": "color"
    },
    "850": {
      "value": "#a80303",
      "type": "color"
    },
    "900": {
      "value": "#8f0a0a",
      "type": "color"
    },
    "950": {
      "value": "#810505",
      "type": "color"
    },
    "999": {
      "value": "#730000",
      "type": "color"
    },
    "000": {
      "value": "#FFEBEE",
      "type": "color"
    },
    "050": {
      "value": "#ffd8de",
      "type": "color"
    }
  },
  "yellow": {
    "100": {
      "value": "#FFF4D2",
      "type": "color"
    },
    "150": {
      "value": "#ffedb8",
      "type": "color"
    },
    "200": {
      "value": "#ffe8a5",
      "type": "color"
    },
    "300": {
      "value": "#ffe087",
      "type": "color"
    },
    "400": {
      "value": "#ffd867",
      "type": "color"
    },
    "500": {
      "value": "#ffd046",
      "type": "color"
    },
    "600": {
      "value": "#ecbf38",
      "type": "color"
    },
    "700": {
      "value": "#daad2a",
      "type": "color"
    },
    "800": {
      "value": "#c79c1c",
      "type": "color"
    },
    "850": {
      "value": "#be9315",
      "type": "color"
    },
    "900": {
      "value": "#b58a0e",
      "type": "color"
    },
    "950": {
      "value": "#ab8207",
      "type": "color"
    },
    "999": {
      "value": "#a27900",
      "type": "color"
    },
    "000": {
      "value": "#fff9e9",
      "type": "color"
    },
    "050": {
      "value": "#fff5d9",
      "type": "color"
    }
  },
  "blue": {
    "100": {
      "value": "#ceeaff",
      "type": "color"
    },
    "150": {
      "value": "#a8daff",
      "type": "color"
    },
    "200": {
      "value": "#91d0ff",
      "type": "color"
    },
    "300": {
      "value": "#65bdff",
      "type": "color"
    },
    "400": {
      "value": "#38a9ff",
      "type": "color"
    },
    "500": {
      "value": "#008FFB",
      "type": "color"
    },
    "600": {
      "value": "#0F81FA",
      "type": "color"
    },
    "700": {
      "value": "#1E6FDC",
      "type": "color"
    },
    "800": {
      "value": "#0668b1",
      "type": "color"
    },
    "850": {
      "value": "#044b81",
      "type": "color"
    },
    "900": {
      "value": "#034272",
      "type": "color"
    },
    "950": {
      "value": "#02345a",
      "type": "color"
    },
    "999": {
      "value": "#00233d",
      "type": "color"
    },
    "000": {
      "value": "#e6f4ff",
      "type": "color"
    },
    "050": {
      "value": "#d5edff",
      "type": "color"
    }
  },
  "green": {
    "100": {
      "value": "#E5FCE5",
      "type": "color"
    },
    "150": {
      "value": "#CBF9CB",
      "type": "color"
    },
    "200": {
      "value": "#8af0a1",
      "type": "color"
    },
    "300": {
      "value": "#97f2a8",
      "type": "color"
    },
    "400": {
      "value": "#8af0a1",
      "type": "color"
    },
    "500": {
      "value": "#6bf198",
      "type": "color"
    },
    "600": {
      "value": "#57ce7f",
      "type": "color"
    },
    "700": {
      "value": "#43ab66",
      "type": "color"
    },
    "800": {
      "value": "#00814b",
      "type": "color"
    },
    "850": {
      "value": "#247740",
      "type": "color"
    },
    "900": {
      "value": "#1a6533",
      "type": "color"
    },
    "950": {
      "value": "#105427",
      "type": "color"
    },
    "999": {
      "value": "#06421a",
      "type": "color"
    },
    "000": {
      "value": "#f6fff9",
      "type": "color"
    },
    "050": {
      "value": "#f0fef5",
      "type": "color"
    }
  },
  "varsom_brand": {
    "100": {
      "value": "#fabf82",
      "type": "color"
    },
    "150": {
      "value": "#f8b673",
      "type": "color"
    },
    "200": {
      "value": "#f7ae63",
      "type": "color"
    },
    "300": {
      "value": "#f49d43",
      "type": "color"
    },
    "400": {
      "value": "#FF7B43",
      "type": "color"
    },
    "500": {
      "value": "#FF5F1B",
      "type": "color"
    },
    "600": {
      "value": "#F44900",
      "type": "color"
    },
    "700": {
      "value": "#aa5803",
      "type": "color"
    },
    "800": {
      "value": "#874602",
      "type": "color"
    },
    "850": {
      "value": "#763d02",
      "type": "color"
    },
    "900": {
      "value": "#653502",
      "type": "color"
    },
    "950": {
      "value": "#542c01",
      "type": "color"
    },
    "999": {
      "value": "#432301",
      "type": "color"
    },
    "000": {
      "value": "#fdd0a2",
      "type": "color"
    },
    "050": {
      "value": "#fbc792",
      "type": "color"
    }
  },
  "orange": {
    "100": {
      "value": "#FFE3C2",
      "type": "color"
    },
    "150": {
      "value": "#FFDAAE",
      "type": "color"
    },
    "200": {
      "value": "#FFC98A",
      "type": "color"
    },
    "300": {
      "value": "#ffb186",
      "type": "color"
    },
    "400": {
      "value": "#FF9A24",
      "type": "color"
    },
    "500": {
      "value": "#ff833e",
      "type": "color"
    },
    "600": {
      "value": "#e87332",
      "type": "color"
    },
    "700": {
      "value": "#d16325",
      "type": "color"
    },
    "800": {
      "value": "#b95219",
      "type": "color"
    },
    "850": {
      "value": "#ae4a13",
      "type": "color"
    },
    "900": {
      "value": "#a2420c",
      "type": "color"
    },
    "950": {
      "value": "#973a06",
      "type": "color"
    },
    "999": {
      "value": "#8b3200",
      "type": "color"
    },
    "000": {
      "value": "#fff6f1",
      "type": "color"
    },
    "050": {
      "value": "#FFECD6",
      "type": "color"
    }
  },
  "varsom_blue": {
    "100": {
      "value": "#a6d8ee",
      "type": "color"
    },
    "150": {
      "value": "#7ec4e2",
      "type": "color"
    },
    "200": {
      "value": "#43a9d5",
      "type": "color"
    },
    "300": {
      "value": "#2c96c4",
      "type": "color"
    },
    "400": {
      "value": "#1f83ad",
      "type": "color"
    },
    "500": {
      "value": "#006b99",
      "type": "color"
    },
    "600": {
      "value": "#005c85",
      "type": "color"
    },
    "700": {
      "value": "#005175",
      "type": "color"
    },
    "800": {
      "value": "#00425F",
      "type": "color"
    },
    "850": {
      "value": "#00364e",
      "type": "color"
    },
    "900": {
      "value": "#003147",
      "type": "color"
    },
    "950": {
      "value": "#002738",
      "type": "color"
    },
    "999": {
      "value": "#001c29",
      "type": "color"
    },
    "000": {
      "value": "#DFF1F9",
      "type": "color"
    },
    "050": {
      "value": "#c8eaf9",
      "type": "color"
    }
  },
  "disabled": {
    "value": "38%",
    "type": "opacity"
  }
}